{
  "accuracy": [
    0.10456273704767227,
    0.14702154695987701,
    0.18504436314105988,
    0.24144487082958221,
    0.3086185157299042,
    0.34917616844177246,
    0.40367552638053894,
    0.43789607286453247,
    0.4733840227127075,
    0.4822560250759125,
    0.5095056891441345,
    0.5126742720603943,
    0.536755383014679,
    0.5316856503486633,
    0.5690747499465942,
    0.5697084665298462,
    0.5874524712562561,
    0.5830164551734924,
    0.6007604598999023,
    0.5963244438171387,
    0.5969581604003906,
    0.6032953262329102,
    0.6166033148765564,
    0.6185044646263123,
    0.6096324324607849,
    0.6337135434150696,
    0.6356146931648254,
    0.6584283709526062,
    0.6337135434150696,
    0.6647655367851257,
    0.6647655367851257,
    0.6603295207023621,
    0.6673004031181335,
    0.6711026430130005,
    0.6736375093460083,
    0.6831431984901428,
    0.6901140809059143,
    0.6818757653236389
  ],
  "val_accuracy": [
    0.12436547875404358,
    0.20304568111896515,
    0.2690355181694031,
    0.34517765045166016,
    0.36802029609680176,
    0.4238578677177429,
    0.4517766535282135,
    0.5507614016532898,
    0.5406091213226318,
    0.5583756566047668,
    0.5558375716209412,
    0.5685279369354248,
    0.6218274235725403,
    0.5913705825805664,
    0.5913705825805664,
    0.6421319842338562,
    0.692893385887146,
    0.682741105556488,
    0.703045666217804,
    0.6522842645645142,
    0.692893385887146,
    0.7335025668144226,
    0.7055837512016296,
    0.7512690424919128,
    0.7868020534515381,
    0.7487309575080872,
    0.720812201499939,
    0.7436548471450806,
    0.7487309575080872,
    0.7563451528549194,
    0.7817258834838867,
    0.7842639684677124,
    0.789340078830719,
    0.799492359161377,
    0.799492359161377,
    0.8197969794273376,
    0.8096446990966797,
    0.8020304441452026
  ],
  "loss": [
    2.098114013671875,
    2.088109016418457,
    2.0609493255615234,
    1.9742305278778076,
    1.8573143482208252,
    1.7626930475234985,
    1.6446269750595093,
    1.5655423402786255,
    1.4362077713012695,
    1.3849588632583618,
    1.3322737216949463,
    1.3041777610778809,
    1.2487399578094482,
    1.260405421257019,
    1.1679860353469849,
    1.1797940731048584,
    1.1243853569030762,
    1.112047791481018,
    1.0544565916061401,
    1.0715947151184082,
    1.0802478790283203,
    1.0587775707244873,
    1.025944709777832,
    1.0398346185684204,
    1.0082610845565796,
    0.9901826977729797,
    0.9663763046264648,
    0.9288004636764526,
    0.977169930934906,
    0.9246345162391663,
    0.9227144718170166,
    0.9430297613143921,
    0.90647953748703,
    0.8911604881286621,
    0.8798200488090515,
    0.8757381439208984,
    0.8535675406455994,
    0.8538194894790649
  ],
  "val_loss": [
    2.0928094387054443,
    2.081843852996826,
    2.014479637145996,
    1.846969485282898,
    1.7408177852630615,
    1.6322286128997803,
    1.4665549993515015,
    1.315720558166504,
    1.2243328094482422,
    1.136088252067566,
    1.1183375120162964,
    1.0835076570510864,
    1.0576181411743164,
    1.047061800956726,
    1.049944519996643,
    0.9825437664985657,
    0.9009009599685669,
    0.9028330445289612,
    0.8909169435501099,
    0.936095118522644,
    0.8657510280609131,
    0.832622230052948,
    0.8478924036026001,
    0.8279579281806946,
    0.7976487874984741,
    0.7938372492790222,
    0.7964580655097961,
    0.8042344450950623,
    0.7866284251213074,
    0.7580656409263611,
    0.7401091456413269,
    0.7448968887329102,
    0.7169227600097656,
    0.7012237906455994,
    0.6992262005805969,
    0.6785973310470581,
    0.6727333068847656,
    0.667409360408783
  ]
}